js/three.module.js,603380
js/three-addons/loaders/GLTFLoader.js,114649
js/three-addons/controls/OrbitControls.js,38703
js/three-addons/utils/BufferGeometryUtils.js,35538
js/ui/ui-set.js,22791
js/three-addons/loaders/DRACOLoader.js,16781
js/three-addons/loaders/HDRLoader.js,15814
js/debug/performanceMonitor.js,15597
js/three-addons/math/Octree.js,14863
js/core/resourceManager.js,12328
js/features/visibility.js,11604
js/ui/ui-reset.js,10767
js/core/raycaster.js,10503
js/bootstrap/startApp.js,9488
js/interaction/editPanel.js,9319
js/features/modelLoader-core.js,9118
js/features/appearance.js,9030
js/core/performanceMonitor.js,8349
js/config/config.js,7874
js/core/renderOptimizer.js,7477
js/ui/ui-reset copy.js,6698
js/bootstrap/initGroupLoader.js,5074
js/ui/ui-export.js,4757
js/data/meta.js,4719
js/utils/migration-helper.js,4194
js/modelLoader/index.js,4084
js/core/cameraUtils.js,3738
js/features/selection.js,3546
js/three-addons/math/Capsule.js,3543
js/ui/ui-search.js,3483
js/features/groupToggle.js,3436
js/features/groups.js,3291
js/modelLoader/cleanup.js,3155
js/core/renderer.js,2936
js/core/path.js,2695
js/store/state.js,2542
js/interaction/infoPanel.js,2340
js/lights.js,2310
js/ui/ui-room.js,2176
js/ui/ui-loading.js,2051
js/interaction/index.js,1791
js/loaders/gltfLoaderFactory.js,1514
js/interaction/raycastOnClick.js,1415
js/core/controls.js,1384
js/ui/submenu/buildSubgroupList.js,1362
js/ui/submenu/createModelCheckbox.js,1356
js/modelLoader/color.js,1297
js/ui/ui-init.js,1260
js/ui/ui-color.js,1251
js/ui/submenu/createToggleButton.js,1237
js/interaction/highlightModel.js,1225
js/core/events.js,1050
js/ui/ui-controls.js,1019
js/ui/ui-setupGroupLoadEvents.js,954
js/ui/submenu/createGroupBlock.js,942
js/ui/submenu/index.js,930
js/ui/submenu/createGroupCheckbox.js,924
js/bootstrap/initResizeHandler.js,895
js/bootstrap/initSplashScreen.js,880
js/core/lodManager.js,846
js/ui/license.js,782
js/bootstrap/initStaticAssets.js,758
js/utils/utils.js,717
js/modelLoader/progress.js,696
js/ui/submenu/groupMetaBySubgroup.js,652
js/utils/mouse.js,593
js/bootstrap/initCameraView.js,559
js/utils/cameraClipping.js,539
js/ui/licenseContent.js,398
js/core/scene.js,366
js/core/camera.js,360
js/three-addons/loaders/RGBELoader.js,286
js/utils/index.js,254
